"","PC1","PC2","PC3","PC4","PC5","PC6"
"tree1",0.129981624865868,-0.467393768234047,0.60382886862577,-0.615445543128168,0.118042897934567,-0.0856224136439423
"tree2",0.0325523812766132,-0.672632331050578,0.0572322380495021,0.650853260242443,0.193573253012523,-0.286618195473466
"tree3",0.561466635135356,0.18454167097261,0.213006477083036,0.216551025254518,0.532315054311379,0.524475134243543
"tree4",0.51960728211115,0.0178161974892204,-0.52315049121484,-0.285562564883294,0.297912487863322,-0.534515285224026
"tree6",0.458760201493133,-0.405524392556763,-0.292256916561717,-0.0553482394471795,-0.607354069801768,0.409551639692253
"tree6.1",-0.431680075059385,-0.360951152463285,-0.477119342854754,-0.257124608826242,0.45563706652241,0.426621038103846
