"","PC1","PC2","PC3","PC4"
"tree1",0.179316137913623,-0.73286247151506,0.370257825168883,0.541910936805846
"tree2",0.619642753156731,0.222310314453075,0.662630093268923,-0.357130707224317
"tree3",-0.580356856864006,-0.41195883721695,0.353851009687316,-0.606848661589574
"tree4",-0.497065890838449,0.493741469163238,0.546461311840917,0.458829921054209
