"","PC1","PC2","PC3"
"tree1",0.0683816145038279,-0.990120256116437,0.122416637863372
"tree2",-0.702431109636781,-0.13491689131224,-0.698847600448826
"tree3",0.708459237368171,-0.0382009275615555,-0.704717105029491
