"","PC1","PC2","PC3","PC4","PC5","PC6"
"species1",0.381391389581137,0.486350405977327,0.308844891946659,0.172770715293611,0.688804393165943,-0.135342200254563
"species2",-0.622714918356487,0.372595096635615,0.00879712665193948,0.0896737042699327,0.18432068623081,0.656739024553858
"species3",-0.240801749420886,-0.476138487313762,-0.216562205936751,0.719846938791406,0.355912426659434,-0.153473771688349
"species4",-0.105567242787229,0.614184489263442,-0.569971183361418,0.242076795245345,-0.259202388784743,-0.401221593870667
"species5",0.179155128809249,-0.139355436929393,-0.712036365048379,-0.436241400794383,0.464742554033973,0.187604678969327
"species6",0.604599249881381,0.0358579532847503,-0.160546937769647,0.441612450966663,-0.285883223100544,0.575019878702251
