"","PC1","PC2"
"species1",0.707106781186546,-0.707106781186549
"species2",0.707106781186549,0.707106781186546
