"","PC1","PC2","PC3","PC4","PC5","PC6"
"species1",-0.187101536966422,0.751842889807498,0.0119932278795058,0.0585299209192602,0.244720416820836,0.579885861479622
"species2",-0.516692448305462,-0.556080632555831,-0.182426748200049,-0.228825064600562,-0.000903717702386134,0.581516980497073
"species3",0.709433692819679,-0.203121137805234,0.174001054868083,0.203260097610327,-0.242088716708881,0.570304881388387
"species4",0.178539521725373,-0.126503362065858,-0.721991202059829,0.45569880475044,0.472346053384428,-0.00877769431495233
"species5",0.107444438007387,0.260437808830914,-0.642654012808328,-0.337488692949828,-0.627408688228058,0.00913128473691185
"species6",0.388979557489201,-0.020431584282947,-0.0449977877293497,-0.762455672394934,0.514540278224843,0.0127398208679723
