"","PC1","PC2","PC3","PC4","PC5","PC6"
"species1",0.679900523451235,-0.0733214019534232,0.0344428776919206,0.0423767036378966,0.168276251988995,0.707856098658438
"species2",-0.678024201986458,0.0939672921352219,-0.0415244500844724,-0.0591884000975822,-0.166335905917562,0.706086502682962
"species3",-0.088098104702562,-0.108449991026953,0.975469136232135,0.167025576352808,0.0310965699425959,0.00852923410513991
"species4",0.14202779886602,0.569337372723919,-0.0195154529266821,0.648721107811298,-0.484213881027188,-0.000221735960382219
"species5",-0.071490202157847,0.724564971686952,0.0728254123760196,-0.116927730272311,0.671390026178427,-0.0124318443312448
"species6",0.212071777999535,0.353402429667263,0.199662161886882,-0.729583604051061,-0.507760596074218,-0.0124196041107741
