"","PC1","PC2","PC3","PC4","PC5","PC6"
"species1",-0.344929392950565,0.463897504447881,-0.397364733078951,0.507983691407439,0.298460012587001,0.400996606346632
"species2",-0.340258283119471,0.46781930300881,0.0447403846945578,-0.433782774282375,0.416010902707268,-0.549668201775302
"species3",0.570669993486288,0.0668013704712584,0.415646085978135,0.332947697660079,0.618883202408178,-0.056930475568272
"species4",0.571690940878637,0.0527120243413863,-0.764188584071242,-0.259060348874823,0.112231121702545,-0.0818451559016525
"species5",-0.241518919658936,-0.526685457314056,-0.0471908430488214,-0.394288528307764,0.563378103480979,0.434954864090606
"species6",-0.233284917527438,-0.530382553961061,-0.284827545018148,0.469420064237313,0.157636985925934,-0.58132705705697
