"","PC1","PC2","PC3"
"species1",-0.556100724573486,0.605854608121095,0.568939520465294
"species2",0.351678315964236,0.791778054194767,-0.499409526316939
"species3",0.753043389327204,0.0776383070010169,0.653374277942293
